job_id,job_type,arrival_time,start_time,end_time,due_date,tardiness,machine
1,H,0.0,0.0,705.8514687839806,763.9426798457883,0.0,B
2,H,124.0,124.0,602.2760038113354,826.5010755222667,0.0,B
3,H,293.0,602.2760038113354,1104.241238074768,1020.5029318369119,83.73830623785614,B
4,H,518.0,705.8514687839806,1166.0310254340752,1240.3210738148823,0.0,B
5,N,810.0,810.0,1281.1781005423945,1676.4847759863694,0.0,A
6,H,996.0,1104.241238074768,1422.3585851152461,1763.6699487422911,0.0,B
7,N,1171.0,1171.0,1781.6004676983391,2054.9241115829427,0.0,A
8,N,1408.0,1408.0,1908.8864757041567,2201.7371492544944,0.0,A
9,N,1527.0,1527.0,2007.639739354952,2358.25524380475,0.0,A
10,N,1720.0,1781.6004676983391,2289.0560304688406,2507.337288577064,0.0,A
11,H,1945.0,1945.0,2311.6789769009456,2666.8637974803605,0.0,B
12,H,2080.0,2080.0,2640.7957541836213,2830.535528810336,0.0,B
13,H,2260.0,2311.6789769009456,2719.3326454203557,2962.6535969683864,0.0,B
14,N,2474.0,2474.0,2970.5882511137443,3280.2698168769048,0.0,A
15,H,2597.0,2640.7957541836213,3351.454786604702,3361.9884437779524,0.0,B
16,N,2796.0,2796.0,3322.9556296428545,3641.03344582756,0.0,A
17,H,3086.0,3086.0,3842.7247291435,3808.0440622040696,34.680666939430466,B
18,H,3313.0,3351.454786604702,3994.7439479008444,4071.926568387591,0.0,B
20,N,3580.0,3580.0,3943.618945769897,4364.727861083943,0.0,A
21,N,3836.0,3836.0,4391.290777165648,4710.251756205274,0.0,A
19,H,3455.0,3842.7247291435,4356.13483266739,4235.943045667783,120.19178699960685,B
22,N,3968.0,3968.0,4618.940777964374,4830.191612238681,0.0,A
23,H,4164.0,4164.0,4706.210038485695,4898.025051651799,0.0,B
24,N,4438.0,4438.0,4991.629165986685,5239.413703978919,0.0,A
25,N,4582.0,4582.0,5211.788274219171,5473.20786408716,0.0,A
26,N,4748.0,4748.0,5406.487130013934,5569.698589052614,0.0,A
27,N,4891.0,4991.629165986685,5628.758637398985,5685.387534458577,0.0,A
28,N,5004.0,5211.788274219171,5847.825801523893,5798.832234205348,48.99356731854459,A
29,H,5244.0,5244.0,5792.989233640255,6028.749436634746,0.0,B
30,H,5484.0,5484.0,5847.796360338267,6244.372603136689,0.0,B
31,N,5704.0,5704.0,6425.229002241516,6578.398366606731,0.0,A
32,H,5795.0,5795.0,6169.5185071593905,6567.973178669382,0.0,B
33,H,6113.0,6113.0,6617.675395389241,6866.6228091454705,0.0,B
34,H,6294.0,6294.0,6826.634689727456,7091.311576397937,0.0,B
35,N,6325.0,6325.0,6817.967981480609,7151.395850247335,0.0,A
36,N,6516.0,6516.0,7132.30506756144,7361.828550702601,0.0,A
37,N,6728.0,6728.0,7429.456451258771,7604.893322396336,0.0,A
38,H,6868.0,6868.0,7478.48109444566,7629.851975236425,0.0,B
39,H,7103.0,7103.0,7680.365318197877,7889.170690031077,0.0,B
40,H,7324.0,7478.48109444566,7882.478055025672,8081.735214525676,0.0,B
41,N,7603.0,7603.0,8097.7270600545235,8465.912045656072,0.0,A
42,N,7905.0,7905.0,8487.606277171984,8694.132330969434,0.0,A
43,N,8047.0,8047.0,8545.787321535372,8856.524606872974,0.0,A
44,H,8265.0,8265.0,8685.849328845292,8993.938796360211,0.0,B
45,N,8424.0,8424.0,8945.626317456545,9216.936701415447,0.0,A
46,H,8668.0,8668.0,9093.941049447678,9391.279088636104,0.0,B
47,N,8880.0,8880.0,9414.786474801724,9675.31216009389,0.0,A
48,H,9052.0,9052.0,9636.176998492729,9779.79736031101,0.0,B
49,H,9119.0,9119.0,9555.18139972814,9882.56844442644,0.0,B
51,N,9466.0,9466.0,10126.88816687878,10291.46026831709,0.0,A
50,H,9270.0,9555.18139972814,10192.958118021945,10006.483217897008,186.47490012493654,B
52,N,9624.0,9624.0,10326.888125090003,10431.464787446406,0.0,A
53,N,9767.0,9767.0,10304.260521003296,10580.9015160695,0.0,A
54,N,9915.0,10126.88816687878,10734.144092737253,10803.9053138238,0.0,A
55,N,10153.0,10304.260521003296,10788.938699348362,11009.579963147618,0.0,A
56,N,10254.0,10326.888125090003,10960.334436416924,11106.222672634703,0.0,A
57,N,10501.0,10734.144092737253,11196.158669519757,11304.167528598187,0.0,A
58,N,10671.0,10788.938699348362,11426.404899781826,11536.66220137044,0.0,A
59,H,10909.0,10909.0,11275.024933209817,11625.340249376193,0.0,B
60,H,11034.0,11034.0,11468.85750099652,11771.945544175765,0.0,B
61,N,11275.0,11275.0,11732.11897890291,12169.826615271299,0.0,A
62,H,11520.0,11520.0,11873.725369212965,12283.999975985409,0.0,B
63,N,11637.0,11637.0,12336.110396464159,12483.37837130276,0.0,A
64,N,11762.0,11762.0,12262.782932972163,12622.676796110865,0.0,A
65,H,11925.0,11925.0,12364.57878563602,12709.28519201898,0.0,B
66,N,12201.0,12201.0,12798.772087364088,13071.91199009318,0.0,A
67,H,12423.0,12423.0,12915.10170513799,13145.90480719641,0.0,B
68,H,12571.0,12571.0,13268.282122649587,13274.210024390404,0.0,B
69,N,12763.0,12763.0,13337.14573771229,13582.330741382617,0.0,A
70,N,12995.0,12995.0,13457.405516449664,13808.986978109278,0.0,A
71,N,13161.0,13161.0,13693.97442591203,13968.630078481669,0.0,A
72,H,13322.0,13322.0,13962.237277691152,14116.290971433506,0.0,B
73,N,13551.0,13551.0,14272.673675801627,14433.15317416494,0.0,A
74,H,13582.0,13582.0,14325.635730053153,14313.467788079848,12.16794197330455,B
76,N,13897.0,13897.0,14581.13276062741,14725.310772918794,0.0,A
75,H,13746.0,13962.237277691152,14337.75102409241,14511.543866529488,0.0,B
78,N,14120.0,14120.0,14700.710515064366,14955.39140748979,0.0,A
79,N,14273.0,14273.0,14864.787684114384,15086.666578647782,0.0,A
77,H,13945.0,14325.635730053153,14684.624000935097,14736.454758974054,0.0,B
80,N,14487.0,14581.13276062741,14986.498873515562,15298.622280861726,0.0,A
81,N,14710.0,14710.0,15309.308348245308,15556.873231026273,0.0,A
82,H,14885.0,14885.0,15461.938283292144,15611.274160852294,0.0,B
83,H,15116.0,15116.0,15727.237286491043,15874.458599022353,0.0,B
84,N,15347.0,15347.0,15895.412068262447,16231.556162963478,0.0,A
85,N,15543.0,15543.0,16102.629460052493,16371.732856575725,0.0,A
86,N,15749.0,15749.0,16310.223644443666,16557.563925025617,0.0,A
87,H,15877.0,15877.0,16238.261192738411,16676.75376064951,0.0,B
88,N,16112.0,16112.0,16771.366787345418,16953.066944891765,0.0,A
89,H,16192.0,16192.0,16577.796773014114,16901.09094121738,0.0,B
90,N,16401.0,16401.0,16885.99278562182,17190.27703404757,0.0,A
91,H,16708.0,16708.0,17264.128677203844,17418.964913035066,0.0,B
92,H,16839.0,16839.0,17398.5599133179,17601.744604170308,0.0,B
93,N,17056.0,17056.0,17526.248144258858,17928.71288880865,0.0,A
94,N,17231.0,17231.0,17918.62682657915,18062.281916281565,0.0,A
95,N,17492.0,17492.0,18139.361085779183,18283.115103089018,0.0,A
96,H,17604.0,17604.0,18086.052610058112,18342.161928650654,0.0,B
97,H,17789.0,17789.0,18532.75990290024,18588.61213802401,0.0,B
98,N,18062.0,18062.0,18758.35443045979,18905.260806651102,0.0,A
99,H,18232.0,18232.0,18828.714465948935,19029.107837761363,0.0,B
100,N,18376.0,18376.0,19017.90649311057,19256.407326650264,0.0,A
101,N,18620.0,18620.0,19245.814982765336,19405.285874457597,0.0,A
102,H,18875.0,18875.0,19314.258347050833,19647.07218193602,0.0,B
103,H,19001.0,19001.0,19625.557300080523,19769.17103690266,0.0,B
104,N,19221.0,19221.0,19866.998459685285,20065.140677005784,0.0,A
105,H,19435.0,19435.0,20081.693979022122,20161.682518995254,0.0,B
106,N,19558.0,19558.0,20238.554467593647,20413.78772144094,0.0,A
107,N,19652.0,19652.0,20188.486612520293,20448.49384344274,0.0,A
108,N,19768.0,19866.998459685285,20406.34449489568,20600.69370807494,0.0,A
109,H,19882.0,19882.0,20391.157873872227,20627.372370632922,0.0,B
110,N,20057.0,20188.486612520293,20693.791191722572,20947.827383882362,0.0,A
111,H,20212.0,20212.0,20715.765273208068,20999.58529403782,0.0,B
112,H,20408.0,20408.0,20940.727739219095,21134.33890507511,0.0,B
113,H,20493.0,20715.765273208068,21183.643554131242,21243.05861130503,0.0,B
115,N,20812.0,20812.0,21381.09163351866,21698.21431800662,0.0,A
114,H,20648.0,20940.727739219095,21332.443621920207,21365.865188053012,0.0,B
116,N,21096.0,21096.0,21885.562726438468,21977.49807982172,0.0,A
117,N,21250.0,21250.0,21919.358712549983,22067.425816642248,0.0,A
118,N,21381.0,21381.09163351866,21909.449322802695,22236.562343424994,0.0,A
119,H,21544.0,21544.0,21962.17487923666,22304.897021143817,0.0,B
120,N,21791.0,21885.562726438468,22395.466373984797,22592.11799807756,0.0,A
121,N,22073.0,22073.0,22653.611877207444,22942.401209608415,0.0,A
122,N,22239.0,22239.0,22943.715269710297,23083.4104513734,0.0,A
123,N,22473.0,22473.0,22927.15830263629,23344.20616560662,0.0,A
124,N,22645.0,22653.611877207444,23393.881396799174,23488.39961128586,0.0,A
125,H,22912.0,22912.0,23384.50611215235,23612.057189612795,0.0,B
126,H,23035.0,23035.0,23428.11096568899,23767.415605700466,0.0,B
127,N,23254.0,23254.0,23805.06968500223,24040.181395147214,0.0,A
128,H,23317.0,23384.50611215235,23828.09747276398,24109.90986162646,0.0,B
129,H,23453.0,23453.0,23859.741054371447,24240.87218778232,0.0,B
130,H,23729.0,23828.09747276398,24436.60498858128,24512.166552936116,0.0,B
131,N,23932.0,23932.0,24401.72483181351,24750.4415820451,0.0,A
132,H,24146.0,24146.0,24737.136293248313,24851.792516649417,0.0,B
133,N,24353.0,24353.0,24981.81662035958,25235.337075110852,0.0,A
134,N,24598.0,24598.0,24987.471717589146,25488.058337873375,0.0,A
135,N,24765.0,24765.0,25316.850430974653,25558.593186631602,0.0,A
136,H,24946.0,24946.0,25381.73014759946,25694.599046331663,0.0,B
137,N,25203.0,25203.0,25696.341835200925,25994.75180206846,0.0,A
138,N,25471.0,25471.0,25905.252710006444,26340.18744250881,0.0,A
139,N,25534.0,25534.0,25922.074840865393,26403.77345608238,0.0,A
140,H,25777.0,25777.0,26398.662233428728,26489.839146449976,0.0,B
141,H,25977.0,25977.0,26630.40105689086,26724.528237809875,0.0,B
142,H,26035.0,26398.662233428728,26797.84451103268,26789.980359349494,7.8641516831849,B
143,H,26212.0,26630.40105689086,27084.356138366773,26938.505662894007,145.85047547276554,B
146,N,26718.0,26718.0,27292.186462230624,27525.72139900951,0.0,A
144,H,26324.0,26797.84451103268,27402.74504119951,27111.243304108524,291.50173709098453,B
147,N,26899.0,26899.0,27396.473245787645,27743.4011619433,0.0,A
145,H,26479.0,27084.356138366773,27821.47676644833,27221.31379402009,600.1629724282393,B
148,N,27158.0,27158.0,27571.172764175928,28023.752279738077,0.0,A
149,H,27324.0,27402.74504119951,28092.822549552922,28044.11510633897,48.7074432139525,B
150,N,27540.0,27540.0,28082.300953489692,28358.9122246257,0.0,A
151,N,27730.0,27730.0,28182.661157957868,28625.45672794602,0.0,A
152,H,27873.0,27873.0,28483.072318239687,28637.987805763947,0.0,B
153,N,28148.0,28148.0,28671.229923442173,28981.067209398425,0.0,A
154,H,28349.0,28349.0,28927.75647246085,29100.757584103558,0.0,B
155,N,28632.0,28632.0,29124.363679749316,29429.552469937247,0.0,A
156,N,28821.0,28821.0,29240.580514115813,29630.166101747534,0.0,A
157,H,29027.0,29027.0,29706.017778734833,29760.808556214746,0.0,B
158,H,29212.0,29212.0,29603.03118879516,29970.830871845723,0.0,B
160,N,29504.0,29504.0,29934.88441920507,30312.664347058573,0.0,A
159,H,29340.0,29603.03118879516,29965.33548337818,30063.01147325966,0.0,B
161,N,29623.0,29623.0,30154.381625157737,30414.951225633013,0.0,A
162,H,29825.0,29825.0,30248.81292182322,30588.11029572701,0.0,B
163,N,29934.0,29934.0,30518.614678145106,30743.64147978685,0.0,A
164,N,29977.0,29977.0,30436.500411727786,30862.407041456685,0.0,A
165,H,30057.0,30057.0,30627.99234526119,30842.963540025376,0.0,B
166,H,30161.0,30248.81292182322,30600.360426220454,30868.085734988865,0.0,B
168,N,30436.0,30436.0,30853.53038042144,31294.925511169182,0.0,A
167,H,30275.0,30600.360426220454,31268.913376414694,30998.8004634369,270.1129129777946,B
169,H,30602.0,30627.99234526119,31030.544508649386,31323.423680737043,0.0,B
170,N,30655.0,30655.0,31123.404869301485,31453.818927057204,0.0,A
171,H,30860.0,31030.544508649386,31452.602506433683,31653.551424058067,0.0,B
172,H,31053.0,31268.913376414694,31743.885945426784,31810.104309332528,0.0,B
174,N,31410.0,31410.0,31904.023581828213,32281.877375520566,0.0,A
173,H,31244.0,31452.602506433683,31959.30161992872,31991.26710263118,0.0,B
175,H,31521.0,31743.885945426784,32147.75198298395,32301.749699776665,0.0,B
176,N,31750.0,31750.0,32138.033314234985,32555.32591040853,0.0,A
177,H,31922.0,31959.30161992872,32321.621615873064,32631.693081422884,0.0,B
178,N,32088.0,32088.0,32641.551567323175,32920.27773242952,0.0,A
179,N,32294.0,32294.0,32962.63345309844,33125.44080577823,0.0,A
180,N,32428.0,32428.0,32796.05263658012,33264.30676282011,0.0,A
181,N,32645.0,32645.0,33152.19153256985,33510.656495139505,0.0,A
182,N,32836.0,32836.0,33530.200982477174,33695.41682929685,0.0,A
183,N,33017.0,33017.0,33684.12058586506,33911.22650367299,0.0,A
184,H,33126.0,33126.0,33498.81002428065,33835.8417871152,0.0,B
185,H,33366.0,33366.0,33915.555370692775,34106.26212821023,0.0,B
186,N,33430.0,33430.0,33982.65202775018,34252.00189180423,0.0,A
187,N,33590.0,33590.0,33983.55061730282,34470.507324071514,0.0,A
188,N,33721.0,33721.0,34268.850437806126,34532.84950939907,0.0,A
189,H,34042.0,34042.0,34413.28548513342,34761.02089084408,0.0,B
190,H,34290.0,34290.0,34893.65567301166,35034.861354783316,0.0,B
191,H,34457.0,34457.0,34874.29714123109,35199.18816398344,0.0,B
192,N,34598.0,34598.0,35172.904815970796,35413.1970562027,0.0,A
193,N,34877.0,34877.0,35605.505136564636,35688.978322162795,0.0,A
194,N,35153.0,35153.0,35707.71940997683,36040.405747118915,0.0,A
195,H,35332.0,35332.0,35708.74760023709,36076.31307450534,0.0,B
196,H,35604.0,35604.0,35987.804137899475,36390.13491047618,0.0,B
197,N,35893.0,35893.0,36380.06551849756,36738.63643499438,0.0,A
198,H,36029.0,36029.0,36561.13808354802,36734.05883295249,0.0,B
199,N,36321.0,36321.0,36969.19496441424,37216.919636462226,0.0,A
200,H,36407.0,36407.0,37088.63812641997,37190.602758507994,0.0,B
201,N,36631.0,36631.0,37315.744497771164,37523.52758081589,0.0,A
202,N,36831.0,36831.0,37378.10185146672,37718.75310209691,0.0,A
203,N,37001.0,37001.0,37502.195738679184,37880.0539222544,0.0,A
204,H,37153.0,37153.0,37801.403370706605,37869.63111106039,0.0,B
205,N,37295.0,37315.744497771164,37988.01043164372,38133.39180605048,0.0,A
206,N,37450.0,37450.0,38178.7645800264,38257.93969751031,0.0,A
207,H,37655.0,37655.0,38083.794880343674,38395.104029254944,0.0,B
208,N,37869.0,37869.0,38406.9576017535,38659.567164796885,0.0,A
209,H,38022.0,38022.0,38361.60294314844,38759.897311897694,0.0,B
210,N,38259.0,38259.0,38930.14674641402,39153.35459050333,0.0,A
211,N,38501.0,38501.0,39263.80146095005,39314.702742515285,0.0,A
212,N,38611.0,38611.0,39047.24044207089,39482.81590741824,0.0,A
213,N,38868.0,38930.14674641402,39460.107639902526,39702.96093714199,0.0,A
214,H,39058.0,39058.0,39622.23081358401,39800.30074859902,0.0,B
215,H,39223.0,39223.0,39588.21395320203,40018.73176408597,0.0,B
216,N,39386.0,39386.0,40080.05479130994,40281.48734122318,0.0,A
217,H,39431.0,39588.21395320203,40278.09982829362,40186.576832340565,91.52299595305522,B
218,H,39616.0,39622.23081358401,40089.21892416366,40387.84082752963,0.0,B
219,N,39913.0,39913.0,40434.89250903141,40714.337244430695,0.0,A
220,H,40052.0,40089.21892416366,40425.66502538124,40781.67078254946,0.0,B
221,H,40296.0,40296.0,40737.8328165582,41092.87093649692,0.0,B
222,N,40539.0,40539.0,41283.362616392624,41387.86819257142,0.0,A
223,H,40732.0,40732.0,41275.7970630485,41486.21952013743,0.0,B
224,N,40977.0,40977.0,41484.5576251956,41844.77326276246,0.0,A
225,H,41114.0,41114.0,41620.76480208055,41819.71652729075,0.0,B
226,H,41353.0,41353.0,41816.52819085836,42111.417759445896,0.0,B
227,N,41749.0,41749.0,42325.793822657644,42589.31924288699,0.0,A
228,H,41964.0,41964.0,42549.545901348225,42749.271989204826,0.0,B
229,N,42218.0,42218.0,42793.302244063816,43019.63246552922,0.0,A
230,N,42449.0,42449.0,42907.74737364993,43340.60723716674,0.0,A
231,H,42604.0,42604.0,43176.74375294391,43312.011146524055,0.0,B
232,N,42790.0,42790.0,43346.02200161513,43594.812395629844,0.0,A
233,H,42993.0,42993.0,43399.75392124938,43752.503510645,0.0,B
234,H,43161.0,43176.74375294391,43548.56776961373,43928.52125536041,0.0,B
235,N,43336.0,43336.0,43902.982755619625,44146.3428362401,0.0,A
236,H,43512.0,43512.0,44062.781298637936,44223.98866139471,0.0,B
237,N,43716.0,43716.0,44300.691521904635,44599.7121791825,0.0,A
238,N,43881.0,43881.0,44460.98801418201,44692.576118952325,0.0,A
239,H,44011.0,44011.0,44400.70065244649,44770.45191535335,0.0,B
240,N,44248.0,44248.0,44703.52596173459,45101.3707291572,0.0,A
241,H,44344.0,44344.0,44932.399704236734,45085.92249153359,0.0,B
242,H,44486.0,44486.0,44824.925359616,45244.36722892912,0.0,B
243,N,44606.0,44606.0,45276.51078884086,45448.55166413958,0.0,A
244,H,44787.0,44824.925359616,45315.07668053724,45580.47062577364,0.0,B
245,N,45014.0,45014.0,45684.514759843696,45820.87703033544,0.0,A
246,N,45306.0,45306.0,45896.41634671759,46170.21348168841,0.0,A
247,H,45518.0,45518.0,46150.25531061292,46241.868595261585,0.0,B
248,H,45812.0,45812.0,46582.152816108486,46551.578584679126,30.574231429360225,B
249,N,46052.0,46052.0,46432.91776454106,46911.229304971515,0.0,A
250,N,46245.0,46245.0,46689.44160815622,47062.59967293746,0.0,A
251,H,46365.0,46365.0,46934.3948882291,47096.61771962718,0.0,B
252,N,46580.0,46580.0,47131.15756089917,47448.20882315041,0.0,A
253,N,46742.0,46742.0,47545.87305911531,47534.12482882323,11.748230292076187,A
254,N,46903.0,46903.0,47655.3579122156,47738.327978533285,0.0,A
255,H,46967.0,46967.0,47609.57080989002,47766.84544408545,0.0,B
256,N,47177.0,47177.0,47877.845622514564,48072.56280215977,0.0,A
257,N,47353.0,47545.87305911531,48046.218393791656,48145.20520076316,0.0,A
258,H,47680.0,47680.0,48032.27086707798,48401.31543122671,0.0,B
259,H,47826.0,47826.0,48155.47031802569,48552.52004147504,0.0,B
261,N,47974.0,47974.0,48467.02179568386,48856.656787452885,0.0,A
260,H,47908.0,48032.27086707798,48393.70916437027,48701.325937799375,0.0,B
262,H,48205.0,48205.0,48742.96957020071,48992.927024248456,0.0,B
263,N,48371.0,48371.0,48822.165001383706,49196.38703393876,0.0,A
264,H,48454.0,48454.0,48864.22227976368,49169.77468323572,0.0,B
265,H,48575.0,48742.96957020071,49118.00766129296,49358.374495463984,0.0,B
266,N,48753.0,48753.0,49366.159440505086,49615.796471609785,0.0,A
267,H,48907.0,48907.0,49309.54053382425,49668.1677765726,0.0,B
268,H,49030.0,49118.00766129296,49574.92241885553,49828.72330636315,0.0,B
269,N,49213.0,49213.0,49701.911337434736,50070.2453475836,0.0,A
270,N,49381.0,49381.0,49983.00463780901,50165.87618800104,0.0,A
271,N,49472.0,49472.0,49968.992044249855,50347.51566313293,0.0,A
272,H,49715.0,49715.0,50052.75706234916,50444.93787522,0.0,B
273,H,50022.0,50022.0,50429.63460625184,50788.338871496606,0.0,B
274,N,50164.0,50164.0,50962.5812044829,51053.16016043984,0.0,A
275,N,50386.0,50386.0,51099.68051047832,51185.04060481206,0.0,A
276,N,50597.0,50597.0,51057.437104054996,51393.92801108694,0.0,A
278,H,50939.0,50939.0,51366.941272076234,51694.32236408848,0.0,B
277,N,50780.0,50962.5812044829,51667.51111213803,51575.98802950345,91.52308263457962,A
279,H,51117.0,51117.0,51667.82041411638,51844.23482123148,0.0,B
280,H,51449.0,51449.0,51824.06608987325,52209.48298270302,0.0,B
281,H,51582.0,51667.82041411638,52050.330244271914,52353.76121871388,0.0,B
282,H,51887.0,51887.0,52292.478271993576,52607.35973123275,0.0,B
283,H,52087.0,52087.0,52681.191776753905,52850.423795888506,0.0,B
284,N,52265.0,52265.0,53003.42632415555,53078.5661969826,0.0,A
285,H,52543.0,52543.0,52960.94340098158,53291.85318521494,0.0,B
286,N,52712.0,52712.0,53365.115118067886,53597.397687000885,0.0,A
287,H,52801.0,52801.0,53354.22606096697,53585.61037132949,0.0,B
288,H,52934.0,52960.94340098158,53442.09177001239,53643.229846771275,0.0,B
289,H,52977.0,53354.22606096697,53741.93039496678,53719.35757725637,22.572817710410163,B
290,H,53169.0,53442.09177001239,53946.53530780288,53896.66802239722,49.86728540565673,B
291,N,53443.0,53443.0,53902.33070247447,54227.39711717783,0.0,A
292,H,53612.0,53741.93039496678,54269.78968851828,54389.11192230196,0.0,B
293,H,53809.0,53946.53530780288,54385.55500369205,54572.711337730136,0.0,B
294,N,54065.0,54065.0,54688.56275993888,54878.33898939265,0.0,A
295,N,54171.0,54171.0,54930.09165760024,55038.01786173497,0.0,A
296,N,54299.0,54299.0,54826.413989535795,55144.78820716616,0.0,A
297,H,54537.0,54537.0,54944.333574573335,55279.76869189807,0.0,B
298,H,54686.0,54686.0,55085.53816232959,55386.966969960835,0.0,B
299,H,54917.0,54944.333574573335,55428.39956617677,55624.524386007375,0.0,B
300,N,55094.0,55094.0,55513.28364050721,55976.90791604962,0.0,A
301,N,55227.0,55227.0,55710.08551045382,56112.24000001471,0.0,A
302,N,55467.0,55467.0,55969.36542285083,56312.10611239102,0.0,A
303,N,55730.0,55730.0,56196.36975440262,56607.47464222724,0.0,A
304,H,55849.0,55849.0,56303.0830445682,56607.25095664898,0.0,B
305,N,55976.0,55976.0,56527.34810844675,56776.586503983555,0.0,A
306,H,56157.0,56157.0,56677.85681613129,56869.74455192821,0.0,B
307,H,56337.0,56337.0,56960.60067065664,57067.82583499301,0.0,B
308,N,56543.0,56543.0,56980.71447227623,57427.68592673917,0.0,A
309,N,56683.0,56683.0,57449.71430246315,57556.16569814746,0.0,A
310,N,56849.0,56849.0,57320.39011150273,57729.3986891841,0.0,A
311,N,56993.0,56993.0,57642.25608590769,57877.67955929096,0.0,A
312,H,57222.0,57222.0,57767.6558026953,57943.00765383398,0.0,B
313,H,57391.0,57391.0,57849.66698164226,58115.95297392229,0.0,B
315,N,57698.0,57698.0,58147.81744545427,58569.3730190896,0.0,A
314,H,57478.0,57767.6558026953,58313.629103503794,58188.27936216718,125.34974133661308,B
316,N,57829.0,57829.0,58602.96348234092,58712.02308656251,0.0,A
317,N,57961.0,57961.0,58367.20209265713,58790.514267661194,0.0,A
318,H,58172.0,58172.0,58820.57387711049,58934.066151015075,0.0,B
319,N,58316.0,58316.0,58736.65672588372,59117.30997389321,0.0,A
320,N,58499.0,58499.0,59028.04989296106,59387.14667375769,0.0,A
321,H,58650.0,58650.0,58998.76601508063,59436.460569621995,0.0,B
322,H,58896.0,58896.0,59522.40718386766,59693.62060329309,0.0,B
323,N,59115.0,59115.0,59500.66319444391,59989.806432633326,0.0,A
324,H,59385.0,59385.0,59801.3016131654,60173.14162046633,0.0,B
325,H,59586.0,59586.0,60014.91759247802,60288.47863618982,0.0,B
326,H,59729.0,59801.3016131654,60198.737458830685,60502.656447175505,0.0,B
327,N,59805.0,59805.0,60406.31877182049,60626.20477241,0.0,A
328,H,60104.0,60104.0,60520.54123807064,60897.08158860483,0.0,B
329,H,60385.0,60385.0,60888.262768851724,61165.22351389371,0.0,B
330,H,60611.0,60611.0,61001.37753021067,61397.40640283753,0.0,B
331,N,60840.0,60840.0,61421.63021372964,61714.80392345633,0.0,A
332,H,61065.0,61065.0,61428.13858788338,61791.68057095945,0.0,B
333,N,61212.0,61212.0,61585.35865421246,62084.18594502317,0.0,A
334,H,61557.0,61557.0,61955.18576555919,62267.809562640294,0.0,B
335,H,61759.0,61759.0,62120.91565527398,62546.216678290606,0.0,B
336,H,61839.0,61955.18576555919,62505.62041894796,62624.85932513378,0.0,B
337,H,62123.0,62123.0,62559.44465638573,62845.243371754565,0.0,B
338,N,62296.0,62296.0,63023.54284503203,63171.45769982685,0.0,A
339,N,62552.0,62552.0,63142.37085784367,63387.553962284044,0.0,A
340,H,62768.0,62768.0,63424.12432219001,63498.51908673386,0.0,B
341,H,62973.0,62973.0,63548.66532925961,63752.53454991528,0.0,B
342,H,63063.0,63424.12432219001,63848.73558536245,63785.759548740774,62.97603662167239,B
343,H,63163.0,63548.66532925961,64187.414236245684,63865.36644347014,322.0477927755419,B
345,N,63654.0,63654.0,64369.84536207422,64474.76533853414,0.0,A
344,H,63410.0,63848.73558536245,64309.67465089859,64129.31297883277,180.3616720658174,B
347,N,64071.0,64071.0,64739.89669633928,64963.291579653414,0.0,A
348,N,64112.0,64112.0,64782.505505290814,64927.26199918485,0.0,A
346,H,63900.0,64187.414236245684,64533.61414361446,64686.43529420303,0.0,B
349,N,64355.0,64369.84536207422,64937.88831504478,65210.845954724056,0.0,A
350,H,64545.0,64545.0,65292.46765124792,65284.96783843601,7.499812811911397,B
351,H,64732.0,64732.0,65215.679279927295,65530.11496871983,0.0,B
352,N,64851.0,64851.0,65395.89253148848,65695.05616203761,0.0,A
353,N,65056.0,65056.0,65506.045222487475,65945.19455971637,0.0,A
354,H,65199.0,65215.679279927295,65593.37003314905,65910.53417518514,0.0,B
355,H,65357.0,65357.0,65727.23867078149,66154.04006110222,0.0,B
356,H,65541.0,65593.37003314905,66181.53093905676,66258.85678161724,0.0,B
357,N,65726.0,65726.0,66332.26375915785,66617.8038433653,0.0,A
358,N,65810.0,65810.0,66333.10982617256,66623.73223260258,0.0,A
359,H,65998.0,65998.0,66550.13065636052,66708.84025472146,0.0,B
360,H,66134.0,66181.53093905676,66880.15214076467,66877.45637585646,2.695764908203273,B
362,N,66445.0,66445.0,67007.22714905857,67264.13185918985,0.0,A
361,H,66284.0,66550.13065636052,67143.00824545397,67056.85450606527,86.15373938869743,B
363,H,66572.0,66880.15214076467,67315.96610894636,67332.62088533062,0.0,B
365,N,66892.0,66892.0,67435.0281601894,67719.1418885346,0.0,A
364,H,66700.0,67143.00824545397,67603.12184243303,67451.14230596695,151.9795364660822,B
366,H,67059.0,67315.96610894636,67759.28558441029,67816.65880434966,0.0,B
367,N,67342.0,67342.0,67811.52010695715,68154.52892068752,0.0,A
368,H,67569.0,67603.12184243303,68110.18709022182,68339.87852838341,0.0,B
369,H,67703.0,67759.28558441029,68278.42523217444,68403.16912782186,0.0,B
370,N,67899.0,67899.0,68488.28345369488,68786.6644185359,0.0,A
371,N,67995.0,67995.0,68464.68752196507,68839.30662367439,0.0,A
372,N,68140.0,68140.0,68531.22003413894,69004.57615990422,0.0,A
373,N,68349.0,68464.68752196507,69221.18890502033,69216.09840871803,5.090496302305837,A
374,N,68434.0,68488.28345369488,68956.89887625014,69293.1103924965,0.0,A
375,H,68636.0,68636.0,69108.37863780635,69372.42214717812,0.0,B
376,H,68909.0,68909.0,69343.77971740482,69615.99738111263,0.0,B
377,H,68957.0,69108.37863780635,69619.06734616632,69723.42376849112,0.0,B
378,H,69149.0,69343.77971740482,69745.02997708348,69882.02000360427,0.0,B
381,N,69520.0,69520.0,69999.96594162006,70384.61247745756,0.0,A
379,H,69243.0,69619.06734616632,69997.97446037769,69974.39156450583,23.582895871863002,B
380,H,69391.0,69745.02997708348,70099.62014393536,70175.80152795064,0.0,B
383,N,69901.0,69901.0,70285.97400367363,70719.63988216736,0.0,A
384,N,69982.0,69982.0,70533.02668039981,70811.74000576536,0.0,A
382,H,69717.0,69997.97446037769,70433.06532701393,70447.03222682113,0.0,B
385,H,70220.0,70220.0,70711.39695306514,70960.24003870577,0.0,B
386,N,70337.0,70337.0,70793.11154428699,71154.1133826829,0.0,A
387,H,70510.0,70510.0,71082.24128682847,71222.72877990591,0.0,B
388,N,70657.0,70657.0,71427.02690007191,71488.08998938257,0.0,A
389,N,70875.0,70875.0,71439.37049469865,71764.32073112178,0.0,A
390,N,70967.0,70967.0,71497.52748759378,71826.85960987055,0.0,A
391,H,71137.0,71137.0,71702.89746697928,71927.28055457326,0.0,B
392,N,71333.0,71427.02690007191,71864.97925840162,72185.93767058656,0.0,A
393,N,71514.0,71514.0,71918.67617035104,72331.70638595134,0.0,A
394,N,71703.0,71703.0,72321.84772332231,72548.3689678712,0.0,A
395,H,71939.0,71939.0,72532.21944722501,72639.04059396972,0.0,B
396,H,72121.0,72121.0,72495.5564353445,72849.69137168689,0.0,B
397,N,72354.0,72354.0,72993.0782209201,73186.14747279887,0.0,A
398,H,72558.0,72558.0,72935.84214873139,73315.99847811957,0.0,B
399,N,72785.0,72785.0,73322.57385363961,73642.32702985474,0.0,A
400,H,73049.0,73049.0,73741.89784696887,73795.4988190247,0.0,B
401,H,73176.0,73176.0,73686.08984116814,73920.21597993048,0.0,B
402,H,73429.0,73686.08984116814,74154.16853524017,74150.37014009891,3.7983951412606984,B
403,N,73690.0,73690.0,74258.85390314394,74526.99685282185,0.0,A
404,H,73905.0,73905.0,74525.48774905223,74695.11808258282,0.0,B
405,H,74130.0,74154.16853524017,74533.51516653181,74909.60247601267,0.0,B
406,N,74295.0,74295.0,74974.79351537484,75098.00543637418,0.0,A
407,N,74522.0,74522.0,74989.05403211103,75315.4971001132,0.0,A
408,H,74652.0,74652.0,75024.66858815665,75403.54520099152,0.0,B
409,N,74932.0,74932.0,75416.26159668303,75786.88937584577,0.0,A
410,H,75067.0,75067.0,75630.64920260313,75800.51882554097,0.0,B
411,N,75261.0,75261.0,75678.44354402818,76136.6634280281,0.0,A
412,H,75340.0,75340.0,75916.61181312773,76115.11381375407,0.0,B
414,N,75579.0,75579.0,76141.6894322306,76388.1597545917,0.0,A
413,H,75479.0,75630.64920260313,76055.76222313785,76246.27956705571,0.0,B
415,H,75734.0,75916.61181312773,76531.44135582868,76453.91299327266,77.52836255601142,B
416,N,75972.0,75972.0,76501.38026663153,76758.7356434254,0.0,A
417,N,76145.0,76145.0,76572.32338161788,76956.42236493678,0.0,A
418,H,76366.0,76366.0,76699.83330132841,77113.51363442188,0.0,B
419,N,76611.0,76611.0,77116.85149625494,77490.17062179797,0.0,A
420,N,76821.0,76821.0,77197.7789433645,77613.15676166867,0.0,A
421,H,77056.0,77056.0,77490.81385393313,77797.44410109977,0.0,B
422,H,77287.0,77287.0,77719.24484064536,78049.97653807377,0.0,B
423,N,77384.0,77384.0,78017.65311814207,78189.77674651485,0.0,A
424,N,77616.0,77616.0,78428.20011156533,78477.99167605494,0.0,A
425,N,77767.0,77767.0,78290.4386697587,78606.37024292917,0.0,A
426,N,77918.0,78017.65311814207,78512.57025393775,78729.32625723278,0.0,A
427,N,78139.0,78290.4386697587,78739.05444811001,78996.47849724452,0.0,A
428,N,78400.0,78428.20011156533,79246.26614344271,79184.62101963146,61.645123811249505,A
429,H,78481.0,78481.0,79086.74843726063,79256.09644766185,0.0,B
430,H,78730.0,78730.0,79383.09646670317,79507.0046188574,0.0,B
431,N,78839.0,78839.0,79427.39132481221,79634.93777721512,0.0,A
432,H,78950.0,79086.74843726063,79389.73642625424,79692.51461939428,0.0,B
433,N,79165.0,79165.0,79844.7576978591,79968.69930835113,0.0,A
434,H,79340.0,79383.09646670317,79756.17277697111,80135.79660422796,0.0,B
435,N,79550.0,79550.0,79942.54225990202,80392.0112680497,0.0,A
436,H,79689.0,79689.0,80291.31456826757,80394.02183851406,0.0,B
437,H,79905.0,79905.0,80594.8699763055,80629.91982796599,0.0,B
438,N,80163.0,80163.0,80568.71613276537,81042.01367090338,0.0,A
439,N,80345.0,80345.0,80997.30645203908,81180.12372445266,0.0,A
440,H,80562.0,80562.0,81033.78777382831,81342.14166017223,0.0,B
441,H,80587.0,80594.8699763055,81115.73104994778,81353.75777325864,0.0,B
442,N,80718.0,80718.0,81230.87576030548,81612.64395474344,0.0,A
443,H,80942.0,81033.78777382831,81385.04129378451,81701.54523184695,0.0,B
444,H,81049.0,81115.73104994778,81669.87863269767,81844.00396084432,0.0,B
445,N,81210.0,81210.0,81710.74174246892,82093.83970369077,0.0,A
446,N,81434.0,81434.0,81926.17930126864,82286.61706014932,0.0,A
447,N,81565.0,81565.0,82155.84532815185,82429.55868366291,0.0,A
448,H,81714.0,81714.0,82318.75033077666,82464.47781648244,0.0,B
449,H,81881.0,81881.0,82383.52257877048,82664.05691697214,0.0,B
450,N,82051.0,82051.0,82524.5350933429,82896.3616584684,0.0,A
451,N,82163.0,82163.0,82592.64582694742,83047.48730756213,0.0,A
452,N,82280.0,82280.0,82932.5387400573,83147.28940952188,0.0,A
453,N,82410.0,82524.5350933429,82945.07095891029,83247.16353692418,0.0,A
454,N,82634.0,82634.0,83109.45712486179,83447.02945342808,0.0,A
455,H,82742.0,82742.0,83182.7676881249,83466.72397375097,0.0,B
456,H,83015.0,83015.0,83457.72839575041,83778.76614367761,0.0,B
457,H,83034.0,83182.7676881249,83642.96378226549,83810.58136842972,0.0,B
458,N,83331.0,83331.0,83859.70087893867,84173.38557903674,0.0,A
459,N,83478.0,83478.0,84091.99156870537,84332.19582494195,0.0,A
460,H,83675.0,83675.0,84318.83849836468,84402.45974469175,0.0,B
461,H,83887.0,83887.0,84479.23478797953,84594.74833538647,0.0,B
462,N,84094.0,84094.0,84593.05278124861,84910.00155289668,0.0,A
463,H,84273.0,84318.83849836468,84920.55712994844,85000.17151070821,0.0,B
464,H,84394.0,84479.23478797953,84923.61473617383,85125.97095684188,0.0,B
466,N,84703.0,84703.0,85142.80304072688,85502.4978948898,0.0,A
465,H,84636.0,84920.55712994844,85575.23613936806,85390.01522225185,185.22091711621033,B
467,H,84898.0,84923.61473617383,85507.05630499122,85621.12614797281,0.0,B
468,H,85188.0,85507.05630499122,85969.09671930436,85957.39498122991,11.701738074450986,B
469,H,85270.0,85575.23613936806,85977.12098470482,86040.64191416945,0.0,B
472,N,85637.0,85637.0,86243.68323315975,86481.77244773644,0.0,A
470,H,85400.0,85969.09671930436,86577.83271255874,86106.42288507138,471.40982748735405,B
474,N,85976.0,85976.0,86388.93297718298,86783.16545162561,0.0,A
471,H,85531.0,85977.12098470482,86461.84804374249,86271.75993696666,190.08810677583097,B
475,N,86213.0,86213.0,86874.85957314748,87044.05607399062,0.0,A
473,H,85769.0,86461.84804374249,86886.86390949746,86510.57742341032,376.28648608714866,B
476,H,86393.0,86577.83271255874,87121.67692298083,87183.48384783402,0.0,B
478,N,86674.0,86674.0,87197.88354825355,87535.89857448777,0.0,A
477,H,86566.0,86886.86390949746,87415.84787958428,87324.40794142042,91.43993816386501,B
479,H,86840.0,87121.67692298083,87450.47470637214,87625.6732032304,0.0,B
481,N,87246.0,87246.0,87775.50114402978,88072.6026752399,0.0,A
480,H,87119.0,87415.84787958428,88065.65707477614,87895.5594576118,170.0976171643415,B
482,N,87465.0,87465.0,88070.31224980186,88249.66036136141,0.0,A
483,N,87580.0,87580.0,88170.59439438702,88403.39698589925,0.0,A
484,H,87751.0,87751.0,88126.45312621335,88526.34751250593,0.0,B
485,N,87894.0,87894.0,88310.11919371164,88773.58617046374,0.0,A
486,N,88100.0,88100.0,88494.24221648333,88990.78419790865,0.0,A
487,N,88351.0,88351.0,88930.59284455828,89181.93038365454,0.0,A
488,H,88482.0,88482.0,88978.13776698099,89256.7515668978,0.0,B
489,H,88555.0,88555.0,88958.19207387039,89309.61323097338,0.0,B
491,N,88878.0,88878.0,89389.73585778121,89686.70033376427,0.0,A
490,H,88832.0,88958.19207387039,89566.9032207637,89592.32525889412,0.0,B
492,N,89161.0,89161.0,89851.18282866017,89969.5752230776,0.0,A
493,H,89299.0,89299.0,89607.50237118428,90042.58359760467,0.0,B
494,N,89464.0,89464.0,90015.57522197872,90251.25077983404,0.0,A
495,N,89716.0,89716.0,90149.75291525146,90537.64650889422,0.0,A
496,H,89995.0,89995.0,90646.93331843578,90762.91418850284,0.0,B
497,H,90108.0,90108.0,90440.55477576848,90848.43166691376,0.0,B
498,N,90322.0,90322.0,90957.43675686009,91124.4850098948,0.0,A
499,H,90528.0,90528.0,91166.63481836568,91274.73901492324,0.0,B
500,H,90722.0,90722.0,91348.89265829607,91434.76277972812,0.0,B
501,H,90849.0,91166.63481836568,91754.89154340001,91611.2256960974,143.66584730260365,B
502,H,90955.0,91348.89265829607,91839.27005641269,91657.69664519052,181.57341122216894,B
504,N,91509.0,91509.0,91971.25749015113,92356.21190209877,0.0,A
503,H,91235.0,91754.89154340001,92250.56132317209,91974.40202563397,276.1592975381209,B
506,N,91803.0,91803.0,92406.27229149776,92658.98796057704,0.0,A
505,H,91569.0,91839.27005641269,92354.92691332463,92271.71020463403,83.21670869059744,B
507,H,91921.0,92250.56132317209,92869.16356260162,92634.56994872306,234.59361387856188,B
508,H,92058.0,92354.92691332463,92738.21002345573,92804.16984440516,0.0,B
509,H,92192.0,92738.21002345573,93127.41607671518,92897.02846334886,230.38761336631433,B
510,H,92337.0,92869.16356260162,93443.76663090996,93074.91038641881,368.8562444911513,B
515,N,93112.0,93112.0,93604.11033607955,93980.22510023814,0.0,A
511,H,92507.0,93127.41607671518,93663.3701719056,93228.16602842115,435.2041434844432,B
517,N,93436.0,93436.0,93984.93883658115,94248.25441155962,0.0,A
512,H,92684.0,93443.76663090996,94105.71256235166,93416.68458048813,689.0279818635317,B
518,N,93607.0,93607.0,94229.47457135818,94400.1734980693,0.0,A
513,H,92795.0,93663.3701719056,94110.45269146434,93571.12297078941,539.3297206749266,B
519,N,93763.0,93763.0,94400.02949198868,94549.1709281496,0.0,A
520,N,93966.0,93984.93883658115,94697.07401966956,94810.41493336733,0.0,A
514,H,92963.0,94105.71256235166,94750.83284794848,93700.91262155642,1049.9202263920597,B
516,H,93323.0,94110.45269146434,94545.7436974086,94106.19242851553,439.55126889307576,B
521,N,94181.0,94229.47457135818,94872.48057433912,95076.98967679303,0.0,A
522,N,94422.0,94422.0,95008.20707038413,95245.19555849666,0.0,A
523,N,94482.0,94697.07401966956,95141.04747881793,95338.81613844399,0.0,A
524,N,94656.0,94872.48057433912,95409.04332702233,95527.49810155643,0.0,A
525,N,94917.0,95008.20707038413,95530.97099106095,95773.99652138732,0.0,A
526,N,95188.0,95188.0,95853.24143409253,96056.47411885466,0.0,A
527,N,95342.0,95409.04332702233,95890.325122216,96232.35651406419,0.0,A
528,N,95449.0,95530.97099106095,95969.17879204977,96255.32839642461,0.0,A
529,N,95581.0,95853.24143409253,96422.72776087247,96367.28256193988,55.44519893258985,A
530,N,95821.0,95890.325122216,96593.57999275642,96622.0668227279,0.0,A
531,H,96059.0,96059.0,96538.12502528513,96771.62209748742,0.0,B
532,H,96175.0,96175.0,96938.81115230451,96941.945884462,0.0,B
533,N,96368.0,96368.0,96901.01142586494,97215.16459317616,0.0,A
534,H,96483.0,96538.12502528513,96998.68592437489,97204.79645409065,0.0,B
535,N,96650.0,96650.0,97316.46929696876,97512.34007677957,0.0,A
536,H,96832.0,96938.81115230451,97491.58500640657,97608.68980983562,0.0,B
537,H,96960.0,96998.68592437489,97335.55581323055,97676.77891433678,0.0,B
539,N,97207.0,97207.0,97762.07108509811,98074.76767301899,0.0,A
538,H,97117.0,97335.55581323055,97752.08730233947,97877.72474938909,0.0,B
540,N,97431.0,97431.0,97950.4340727521,98227.82768159444,0.0,A
541,N,97617.0,97617.0,98166.95600976139,98492.76173152284,0.0,A
542,N,97779.0,97779.0,98325.17586797915,98671.04872657981,0.0,A
543,N,97933.0,97950.4340727521,98350.54222433732,98729.10705996165,0.0,A
544,N,98051.0,98166.95600976139,98956.94017355207,98837.87598365571,119.06418989635131,A
545,H,98175.0,98175.0,98543.95944269907,98906.19572443947,0.0,B
546,N,98352.0,98352.0,98874.33730143638,99211.86289612725,0.0,A
547,H,98568.0,98568.0,99117.08043760265,99363.8172838206,0.0,B
548,H,98683.0,98683.0,99086.44061536597,99422.66544415166,0.0,B
551,N,99069.0,99069.0,99683.19486208785,99930.34881458449,0.0,A
549,H,98816.0,99086.44061536597,99637.99483943863,99587.50147050494,50.49336893369036,B
550,H,98905.0,99117.08043760265,99526.62999535684,99612.5996477843,0.0,B
553,N,99399.0,99399.0,99993.41621681258,100194.41294620995,0.0,A
552,H,99212.0,99526.62999535684,100005.02227615805,99974.7242395601,30.29803659794561,B
554,H,99520.0,99637.99483943863,100104.73984459665,100297.24808849512,0.0,B
555,H,99653.0,100005.02227615805,100358.69666285317,100438.02932390888,0.0,B
557,H,99936.0,100104.73984459665,100797.29490432006,100648.10550650673,149.1893978133303,B
556,H,99890.0,100358.69666285317,101045.8713210477,100650.04116148168,395.83015956601594,B
559,N,100394.0,100394.0,101031.81011968317,101265.65515879243,0.0,A
562,N,100703.0,100703.0,101244.15670943748,101528.50393813642,0.0,A
558,H,100120.0,100797.29490432006,101199.47732986347,100918.38443515147,281.09289471199736,B
563,N,100969.0,100969.0,101731.99265221917,101809.66760844384,0.0,A
560,H,100436.0,101045.8713210477,101674.95997744819,101170.72037653085,504.239600917339,B
561,H,100589.0,101199.47732986347,101901.47845058281,101331.83780132348,569.6406492593378,B
565,N,101408.0,101408.0,101988.64671622572,102287.15247022395,0.0,A
564,H,101223.0,101674.95997744819,102203.76178093141,101957.12311748613,246.63866344527924,B
567,N,101785.0,101785.0,102230.9863853412,102580.82035351213,0.0,A
566,H,101611.0,101901.47845058281,102290.33286481796,102393.233091809,0.0,B
568,H,101919.0,102203.76178093141,102611.34167548144,102715.07875672146,0.0,B
569,H,102151.0,102290.33286481796,102684.82729296255,102914.55851061015,0.0,B
571,N,102570.0,102570.0,103160.3595694101,103433.21856809508,0.0,A
570,H,102262.0,102611.34167548144,103215.86993831713,103044.87073110025,170.9992072168825,B
572,H,102701.0,102701.0,103050.18534499641,103444.54871450076,0.0,B
573,H,102773.0,103050.18534499641,103426.78343549381,103546.37953040133,0.0,B
574,H,103057.0,103215.86993831713,103586.55097119606,103853.5473731238,0.0,B
576,N,103348.0,103348.0,103901.60002214642,104222.51831250636,0.0,A
575,H,103229.0,103426.78343549381,103848.76052487637,103956.00823963874,0.0,B
577,N,103475.0,103475.0,103895.95018130982,104319.2753655222,0.0,A
578,H,103675.0,103675.0,104147.36741138324,104423.34975038833,0.0,B
579,N,103778.0,103778.0,104231.23791989153,104610.78434321644,0.0,A
580,N,103876.0,103895.95018130982,104411.03231960916,104741.87493600218,0.0,A
581,N,104124.0,104124.0,104571.37868583099,104938.06030026151,0.0,A
582,H,104412.0,104412.0,104955.60010674084,105197.17131600193,0.0,B
583,N,104548.0,104548.0,104988.0658416706,105425.04187411575,0.0,A
584,H,104773.0,104773.0,105363.4561904979,105481.66628980557,0.0,B
585,N,104887.0,104887.0,105532.7838707988,105769.74269260831,0.0,A
586,H,104963.0,104963.0,105426.41287188821,105687.38634391909,0.0,B
587,H,105112.0,105363.4561904979,105900.5092406717,105858.47084666032,42.03839401138248,B
588,H,105431.0,105431.0,106076.77899515146,106192.03317042305,0.0,B
589,N,105551.0,105551.0,106333.00230626299,106377.44680206236,0.0,A
590,H,105646.0,105900.5092406717,106429.35239196202,106348.869999777,80.4823921850184,B
591,H,105895.0,106076.77899515146,106556.58943431173,106680.09528363125,0.0,B
592,N,106099.0,106099.0,106500.26972662054,106903.36606400166,0.0,A
593,N,106230.0,106230.0,106758.07174139282,107037.75742322013,0.0,A
594,H,106460.0,106460.0,107112.79211979402,107239.78323568281,0.0,B
595,H,106780.0,106780.0,107347.18682989487,107514.03388431644,0.0,B
596,N,107001.0,107001.0,107565.00267713731,107883.59583773292,0.0,A
597,N,107162.0,107162.0,107597.21525067692,108024.53258003721,0.0,A
598,N,107303.0,107303.0,107825.43149579993,108117.94208048469,0.0,A
599,H,107490.0,107490.0,108005.75826642122,108191.01511144386,0.0,B
600,H,107673.0,107673.0,108244.37379243139,108467.8062577777,0.0,B
601,H,108039.0,108039.0,108735.42984868832,108747.5612961958,0.0,B
602,N,108191.0,108191.0,108891.41501220895,109055.64836237967,0.0,A
603,N,108327.0,108327.0,109024.25398433124,109165.72071884706,0.0,A
604,H,108526.0,108526.0,108957.1966548677,109301.81646534825,0.0,B
605,H,108712.0,108735.42984868832,109151.07343891241,109481.06093394465,0.0,B
606,N,108844.0,108844.0,109448.47836631257,109700.34112477099,0.0,A
607,H,109027.0,109027.0,109597.4837839163,109776.08213350787,0.0,B
608,N,109140.0,109140.0,109754.63771306588,110012.80848123082,0.0,A
609,N,109335.0,109335.0,109762.46830784119,110129.42197526213,0.0,A
610,H,109662.0,109662.0,110323.18581710501,110384.15964004725,0.0,B
611,N,109875.0,109875.0,110383.82305155195,110736.48016139306,0.0,A
612,H,110098.0,110098.0,110552.02044682122,110828.62060301301,0.0,B
613,N,110245.0,110245.0,110735.94319291218,111094.13422555722,0.0,A
614,H,110419.0,110419.0,110951.24728197957,111166.32604887596,0.0,B
615,N,110557.0,110557.0,111243.04793179547,111400.46325628832,0.0,A
616,N,110726.0,110726.0,111433.2312325807,111557.65642702299,0.0,A
617,H,110846.0,110846.0,111205.15023916164,111620.59354367136,0.0,B
618,N,111036.0,111036.0,111502.73355744366,111857.04862528594,0.0,A
619,H,111195.0,111195.0,111574.99486007828,111965.28549421858,0.0,B
620,H,111367.0,111367.0,111980.02224407112,112094.09164269762,0.0,B
621,N,111566.0,111566.0,112207.5928252286,112378.1572117345,0.0,A
622,N,111680.0,111680.0,112337.16688885585,112477.51345909225,0.0,A
623,H,111762.0,111762.0,112083.3139273123,112481.25842934515,0.0,B
624,H,111960.0,111980.02224407112,112357.7661880477,112671.95547412551,0.0,B
625,N,112139.0,112139.0,112758.19011861234,112983.01676412298,0.0,A
626,N,112329.0,112329.0,112922.84592361111,113198.36523626222,0.0,A
627,H,112468.0,112468.0,112947.08803137008,113186.51498424377,0.0,B
628,H,112623.0,112623.0,113081.11970968773,113344.63846398787,0.0,B
629,H,112776.0,112947.08803137008,113532.99726141518,113524.41985872127,8.577402693903423,B
630,H,113079.0,113081.11970968773,113476.60332698285,113851.45850010931,0.0,B
631,N,113114.0,113114.0,113737.38945280158,114007.3799865629,0.0,A
632,N,113309.0,113309.0,113917.57126798306,114151.75932934016,0.0,A
633,N,113505.0,113505.0,113931.20269079086,114320.69585476679,0.0,A
634,N,113645.0,113737.38945280158,114187.85874954623,114440.25892410617,0.0,A
636,H,113906.0,113906.0,114450.96692025676,114628.74831634825,0.0,B
635,N,113870.0,113917.57126798306,114332.08166473487,114675.7411687462,0.0,A
637,H,114095.0,114095.0,114443.69329256515,114812.94415436854,0.0,B
638,H,114241.0,114443.69329256515,114862.04884763664,114942.41483672561,0.0,B
639,N,114447.0,114447.0,115035.66263123661,115290.82312999798,0.0,A
640,H,114605.0,114605.0,115119.07244622892,115332.43113267832,0.0,B
641,N,114802.0,114802.0,115525.45226517848,115695.12103228351,0.0,A
642,H,114953.0,114953.0,115438.98797881747,115708.33589667986,0.0,B
643,H,115118.0,115119.07244622892,115578.4016418731,115887.74173929101,0.0,B
644,N,115239.0,115239.0,116031.62019995085,116037.14330321134,0.0,A
645,N,115412.0,115412.0,116097.46211060013,116293.26765409345,0.0,A
646,H,115540.0,115540.0,115914.58110110628,116289.08786945237,0.0,B
647,H,115721.0,115721.0,116171.69440826445,116508.27197349985,0.0,B
648,H,115986.0,115986.0,116488.68515808354,116743.40642196263,0.0,B
649,N,116195.0,116195.0,116834.57605909795,117031.57245783221,0.0,A
650,N,116482.0,116482.0,117272.69618081381,117315.33250539123,0.0,A
651,N,116625.0,116625.0,117100.60775645975,117429.64873108368,0.0,A
652,N,116800.0,116834.57605909795,117363.94401839406,117589.75419232456,0.0,A
653,H,116964.0,116964.0,117356.65974783064,117758.1063596768,0.0,B
654,H,117070.0,117070.0,117548.2274822305,117817.77291872656,0.0,B
655,N,117360.0,117360.0,117946.80683552097,118236.07695227354,0.0,A
656,H,117466.0,117466.0,118224.85331188202,118206.07074422519,18.782567656831816,B
657,H,117726.0,117726.0,118278.00449969489,118433.40821702556,0.0,B
658,N,117818.0,117818.0,118564.64812848945,118672.49791917863,0.0,A
660,N,118188.0,118188.0,118913.48133118988,118988.71012946105,0.0,A
659,H,118011.0,118224.85331188202,118888.04289345104,118716.36090742925,171.68198602179473,B
661,N,118319.0,118319.0,118785.8032790598,119166.03803487348,0.0,A
662,H,118400.0,118400.0,118930.66634865676,119130.38355118422,0.0,B
663,N,118531.0,118564.64812848945,119128.89401461944,119426.31882974354,0.0,A
664,N,118722.0,118785.8032790598,119508.76534978651,119519.26657496768,0.0,A
665,H,118866.0,118888.04289345104,119429.75754643352,119642.44434453262,0.0,B
666,H,119032.0,119032.0,119669.99946040679,119792.6317651243,0.0,B
667,H,119198.0,119429.75754643352,119842.84367022869,119977.07408298434,0.0,B
670,N,119666.0,119666.0,120104.8767996088,120500.45762006754,0.0,A
668,H,119388.0,119669.99946040679,120201.97275155739,120110.56871370651,91.40403785087983,B
669,H,119554.0,119842.84367022869,120236.97745245579,120306.25725351302,0.0,B
671,N,119944.0,119944.0,120506.907620864,120777.58475245016,0.0,A
672,H,120105.0,120201.97275155739,120838.95893445461,120891.01666658261,0.0,B
673,H,120341.0,120341.0,120865.42556055728,121140.00312604668,0.0,B
675,N,120798.0,120798.0,121350.58130183938,121651.55505996008,0.0,A
674,H,120577.0,120838.95893445461,121214.9577333127,121307.53802443194,0.0,B
676,N,120880.0,120880.0,121386.63071083964,121732.27866217145,0.0,A
677,N,120942.0,120942.0,121421.74221772711,121808.89000221426,0.0,A
678,H,121114.0,121114.0,121532.52028551379,121908.75902003254,0.0,B
679,H,121368.0,121368.0,122017.20761851416,122088.77879058235,0.0,B
680,H,121591.0,121591.0,122357.40058798979,122312.10251953054,45.29806845924759,B
682,N,122017.0,122017.0,122557.44532311942,122818.59039445866,0.0,A
681,H,121820.0,122017.20761851416,122501.31989901605,122586.0428137192,0.0,B
683,H,122151.0,122357.40058798979,122719.8407893386,122868.38135483264,0.0,B
685,N,122471.0,122471.0,122948.11674462898,123255.29968093152,0.0,A
684,H,122281.0,122501.31989901605,123021.13242063107,122988.50648689011,32.62593374095741,B
686,N,122716.0,122716.0,123356.99969173853,123550.45641491718,0.0,A
687,N,122877.0,122877.0,123283.41614885448,123727.5068538534,0.0,A
688,H,123074.0,123074.0,123478.14861170683,123803.1259289031,0.0,B
689,H,123194.0,123194.0,123587.61734681815,123917.1476234556,0.0,B
690,N,123317.0,123317.0,123784.11864858288,124180.17905294645,0.0,A
691,N,123543.0,123543.0,124340.15844965159,124405.73460650649,0.0,A
692,N,123781.0,123781.0,124335.68364088998,124615.8515085576,0.0,A
693,N,124009.0,124009.0,124470.26977659515,124869.98711104797,0.0,A
694,N,124200.0,124335.68364088998,124785.19045537253,125087.47803698205,0.0,A
695,H,124443.0,124443.0,124968.14283340114,125221.78280266467,0.0,B
696,H,124597.0,124597.0,125051.05438844147,125359.50580071642,0.0,B
697,H,124862.0,124968.14283340114,125519.96309762083,125628.11830428534,0.0,B
698,N,125056.0,125056.0,125616.828774297,125944.5708673459,0.0,A
699,H,125211.0,125211.0,125973.73081552095,125953.51389661043,20.21691891051887,B
701,N,125487.0,125487.0,126072.54142672419,126343.53508902108,0.0,A
700,H,125317.0,125519.96309762083,125926.437940412,126071.45623787105,0.0,B
702,N,125733.0,125733.0,126372.88186536837,126618.7420818638,0.0,A
703,N,125965.0,125965.0,126584.18002922571,126841.5826898808,0.0,A
704,H,126150.0,126150.0,126640.68852504289,126857.14098368557,0.0,B
705,N,126295.0,126295.0,126852.13236412182,127097.58335239271,0.0,A
706,H,126440.0,126440.0,126852.95902647983,127170.76118126142,0.0,B
707,N,126626.0,126626.0,126999.10584367394,127493.8832648718,0.0,A
708,N,126691.0,126691.0,127224.5147590135,127538.75118952374,0.0,A
709,H,126855.0,126855.0,127388.55005038637,127583.86105883059,0.0,B
710,H,127057.0,127057.0,127599.98195359031,127769.43536581747,0.0,B
711,H,127215.0,127388.55005038637,128015.49102320458,127983.8677991212,31.623224083377863,B
712,H,127398.0,127599.98195359031,128084.97110956133,128167.97336849757,0.0,B
714,N,127785.0,127785.0,128328.37785406911,128625.05288383721,0.0,A
713,H,127611.0,128015.49102320458,128618.67735428519,128405.2676240744,213.4097302107839,B
715,H,128000.0,128084.97110956133,128465.79253164564,128749.3795219345,0.0,B
716,H,128142.0,128465.79253164564,129007.44785368923,128850.04418518992,157.40366849930433,B
719,N,128600.0,128600.0,129058.65411360336,129420.10001733612,0.0,A
717,H,128369.0,128618.67735428519,129344.79370110137,129072.98607841835,271.80762268301623,B
720,N,128766.0,128766.0,129493.39945992795,129578.04120507014,0.0,A
721,N,129000.0,129000.0,129446.11211369334,129794.22861130266,0.0,A
718,H,128546.0,129007.44785368923,129514.97590149395,129289.20286641608,225.77303507787292,B
722,H,129074.0,129344.79370110137,129940.38275980362,129870.19111021928,70.19164958433248,B
723,H,129301.0,129514.97590149395,129906.43765878986,130084.59586139061,0.0,B
724,N,129526.0,129526.0,130318.89795246013,130374.42230023263,0.0,A
